<?xml version="1.0" encoding="UTF-8" standalone="no"?>
<scene depth="1" desc="" eventsnippetid="7" extheight="544" extwidth="704" extx="-32" exty="-32" format="3.4.0" gravx="-0.0" gravy="85.0" height="480" id="0" name="Main Scene" revision="" savecount="0" tiled="1" tileh="32" tilew="32" type="standard" width="640">
    <layers>
        <grad-bg b1="255" b2="255" g1="204" g2="255" r1="0" r2="204"/>
        <layer blendMode="normal" color="100,168,234" id="0" locked="false" name="Layer 0" opacity="100" order="0" scrollFactorX="1.0" scrollFactorY="1.0" visible="true"/>
    </layers>
    <joints/>
    <regions/>
    <terrainRegions/>
    <actors>
        <actor a="0.0" aid="1" c="false" group="0" id="3" name="Noni 1" sx="1.0" sy="1.0" x="60" y="375" z="0"/>
        <actor a="0.0" aid="2" c="false" group="4" id="5" name="Clown 2" sx="1.0" sy="1.0" x="313" y="277" z="0"/>
        <actor a="0.0" aid="3" c="false" group="4" id="5" name="Clown 3" sx="1.0" sy="1.0" x="416" y="207" z="0"/>
        <actor a="0.0" aid="4" c="false" group="4" id="5" name="Clown 4" sx="1.0" sy="1.0" x="416" y="206" z="0"/>
        <actor a="0.0" aid="5" c="false" group="4" id="5" name="Clown 5" sx="1.0" sy="1.0" x="535" y="236" z="0"/>
        <actor a="0.0" aid="6" c="false" group="4" id="5" name="Clown 6" sx="1.0" sy="1.0" x="591" y="299" z="0"/>
        <actor a="0.0" aid="7" c="false" group="4" id="5" name="Clown 7" sx="1.0" sy="1.0" x="801" y="192" z="0"/>
    </actors>
    <snippets/>
    <terrain>
        <p pts="4,0.0,64.0,0.0,0.0,640.0,0.0,640.0,64.0" x="0.0" y="416.0"/>
    </terrain>
    <atlases members="0,1,2,3," retainAtlases="false"/>
</scene>
